{"data": [{"Properties": {"name": "USERBACKUP@EMERALD.WGMY", "highvalue": false, "Template Name": "UserBackup", "Display Name": "UserBackup", "Certificate Authorities": ["emerald-AD-CA"], "Enabled": true, "Client Authentication": true, "Enrollment Agent": false, "Any Purpose": false, "Enrollee Supplies Subject": true, "Certificate Name Flag": ["EnrolleeSuppliesSubject"], "Enrollment Flag": ["PublishToDs", "PendAllRequests", "IncludeSymmetricAlgorithms"], "Private Key Flag": ["16777216", "65536", "ExportableKey"], "Extended Key Usage": ["Client Authentication", "Secure Email", "Encrypting File System"], "Requires Manager Approval": true, "Requires Key Archival": false, "Authorized Signatures Required": 0, "Validity Period": "1 year", "Renewal Period": "6 weeks", "domain": "EMERALD.WGMY"}, "ObjectIdentifier": "5fa601d7-36ff-464a-91d8-185eceb33aef", "Aces": [{"PrincipalSID": "S-1-5-21-1383308726-1688689062-160329939-500", "PrincipalType": "User", "RightName": "Owns", "IsInherited": false}, {"PrincipalSID": "S-1-5-21-1383308726-1688689062-160329939-512", "PrincipalType": "Group", "RightName": "WriteOwner", "IsInherited": false}, {"PrincipalSID": "S-1-5-21-1383308726-1688689062-160329939-512", "PrincipalType": "Group", "RightName": "WriteDacl", "IsInherited": false}, {"PrincipalSID": "S-1-5-21-1383308726-1688689062-160329939-512", "PrincipalType": "Group", "RightName": "WriteProperty", "IsInherited": false}, {"PrincipalSID": "S-1-5-21-1383308726-1688689062-160329939-512", "PrincipalType": "Group", "RightName": "Enroll", "IsInherited": false}, {"PrincipalSID": "S-1-5-21-1383308726-1688689062-160329939-513", "PrincipalType": "Group", "RightName": "Enroll", "IsInherited": false}, {"PrincipalSID": "S-1-5-21-1383308726-1688689062-160329939-519", "PrincipalType": "Group", "RightName": "WriteOwner", "IsInherited": false}, {"PrincipalSID": "S-1-5-21-1383308726-1688689062-160329939-519", "PrincipalType": "Group", "RightName": "WriteDacl", "IsInherited": false}, {"PrincipalSID": "S-1-5-21-1383308726-1688689062-160329939-519", "PrincipalType": "Group", "RightName": "WriteProperty", "IsInherited": false}, {"PrincipalSID": "S-1-5-21-1383308726-1688689062-160329939-519", "PrincipalType": "Group", "RightName": "Enroll", "IsInherited": false}, {"PrincipalSID": "S-1-5-21-1383308726-1688689062-160329939-500", "PrincipalType": "User", "RightName": "WriteOwner", "IsInherited": false}, {"PrincipalSID": "S-1-5-21-1383308726-1688689062-160329939-500", "PrincipalType": "User", "RightName": "WriteDacl", "IsInherited": false}, {"PrincipalSID": "S-1-5-21-1383308726-1688689062-160329939-500", "PrincipalType": "User", "RightName": "WriteProperty", "IsInherited": false}], "cas_ids": ["27e0384f-edc0-4215-a96a-42ea1e07d14d"]}, {"Properties": {"name": "EMERALDLDAPS@EMERALD.WGMY", "highvalue": false, "Template Name": "EmeraldLDAPS", "Display Name": "Emerald LDAPS", "Certificate Authorities": ["emerald-AD-CA"], "Enabled": true, "Client Authentication": true, "Enrollment Agent": false, "Any Purpose": false, "Enrollee Supplies Subject": false, "Certificate Name Flag": ["SubjectAltRequireDns", "SubjectAltRequireDomainDns"], "Enrollment Flag": ["AutoEnrollment", "PublishToDs"], "Private Key Flag": ["16777216", "65536", "ExportableKey"], "Extended Key Usage": ["KDC Authentication", "Smart Card Logon", "Server Authentication", "Client Authentication"], "Requires Manager Approval": false, "Requires Key Archival": false, "Authorized Signatures Required": 0, "Validity Period": "1 year", "Renewal Period": "6 weeks", "domain": "EMERALD.WGMY"}, "ObjectIdentifier": "3c59d6ab-cde1-497a-8c46-b9dd825a9365", "Aces": [{"PrincipalSID": "S-1-5-21-1383308726-1688689062-160329939-500", "PrincipalType": "User", "RightName": "Owns", "IsInherited": false}, {"PrincipalSID": "S-1-5-21-1383308726-1688689062-160329939-498", "PrincipalType": "Group", "RightName": "Enroll", "IsInherited": false}, {"PrincipalSID": "S-1-5-21-1383308726-1688689062-160329939-498", "PrincipalType": "Group", "RightName": "AutoEnroll", "IsInherited": false}, {"PrincipalSID": "S-1-5-21-1383308726-1688689062-160329939-512", "PrincipalType": "Group", "RightName": "WriteOwner", "IsInherited": false}, {"PrincipalSID": "S-1-5-21-1383308726-1688689062-160329939-512", "PrincipalType": "Group", "RightName": "WriteDacl", "IsInherited": false}, {"PrincipalSID": "S-1-5-21-1383308726-1688689062-160329939-512", "PrincipalType": "Group", "RightName": "WriteProperty", "IsInherited": false}, {"PrincipalSID": "S-1-5-21-1383308726-1688689062-160329939-512", "PrincipalType": "Group", "RightName": "Enroll", "IsInherited": false}, {"PrincipalSID": "S-1-5-21-1383308726-1688689062-160329939-516", "PrincipalType": "Group", "RightName": "Enroll", "IsInherited": false}, {"PrincipalSID": "S-1-5-21-1383308726-1688689062-160329939-516", "PrincipalType": "Group", "RightName": "AutoEnroll", "IsInherited": false}, {"PrincipalSID": "S-1-5-21-1383308726-1688689062-160329939-519", "PrincipalType": "Group", "RightName": "WriteOwner", "IsInherited": false}, {"PrincipalSID": "S-1-5-21-1383308726-1688689062-160329939-519", "PrincipalType": "Group", "RightName": "WriteDacl", "IsInherited": false}, {"PrincipalSID": "S-1-5-21-1383308726-1688689062-160329939-519", "PrincipalType": "Group", "RightName": "WriteProperty", "IsInherited": false}, {"PrincipalSID": "S-1-5-21-1383308726-1688689062-160329939-519", "PrincipalType": "Group", "RightName": "Enroll", "IsInherited": false}, {"PrincipalSID": "EMERALD.WGMY-S-1-5-9", "PrincipalType": "Group", "RightName": "Enroll", "IsInherited": false}, {"PrincipalSID": "EMERALD.WGMY-S-1-5-9", "PrincipalType": "Group", "RightName": "AutoEnroll", "IsInherited": false}, {"PrincipalSID": "S-1-5-21-1383308726-1688689062-160329939-500", "PrincipalType": "User", "RightName": "WriteOwner", "IsInherited": false}, {"PrincipalSID": "S-1-5-21-1383308726-1688689062-160329939-500", "PrincipalType": "User", "RightName": "WriteDacl", "IsInherited": false}, {"PrincipalSID": "S-1-5-21-1383308726-1688689062-160329939-500", "PrincipalType": "User", "RightName": "WriteProperty", "IsInherited": false}], "cas_ids": ["27e0384f-edc0-4215-a96a-42ea1e07d14d"]}, {"Properties": {"name": "KERBEROSAUTHENTICATION@EMERALD.WGMY", "highvalue": false, "Template Name": "KerberosAuthentication", "Display Name": "Kerberos Authentication", "Certificate Authorities": ["emerald-AD-CA"], "Enabled": true, "Client Authentication": true, "Enrollment Agent": false, "Any Purpose": false, "Enrollee Supplies Subject": false, "Certificate Name Flag": ["SubjectAltRequireDns", "SubjectAltRequireDomainDns"], "Enrollment Flag": ["AutoEnrollment"], "Private Key Flag": ["AttestNone"], "Extended Key Usage": ["Client Authentication", "Server Authentication", "Smart Card Logon", "KDC Authentication"], "Requires Manager Approval": false, "Requires Key Archival": false, "Authorized Signatures Required": 0, "Validity Period": "1 year", "Renewal Period": "6 weeks", "domain": "EMERALD.WGMY"}, "ObjectIdentifier": "ffc9eafc-eacb-4efb-b68e-73c895b35a04", "Aces": [{"PrincipalSID": "S-1-5-21-1383308726-1688689062-160329939-519", "PrincipalType": "Group", "RightName": "Owns", "IsInherited": false}, {"PrincipalSID": "S-1-5-21-1383308726-1688689062-160329939-498", "PrincipalType": "Group", "RightName": "Enroll", "IsInherited": false}, {"PrincipalSID": "S-1-5-21-1383308726-1688689062-160329939-498", "PrincipalType": "Group", "RightName": "AutoEnroll", "IsInherited": false}, {"PrincipalSID": "S-1-5-21-1383308726-1688689062-160329939-512", "PrincipalType": "Group", "RightName": "WriteOwner", "IsInherited": false}, {"PrincipalSID": "S-1-5-21-1383308726-1688689062-160329939-512", "PrincipalType": "Group", "RightName": "WriteDacl", "IsInherited": false}, {"PrincipalSID": "S-1-5-21-1383308726-1688689062-160329939-512", "PrincipalType": "Group", "RightName": "WriteProperty", "IsInherited": false}, {"PrincipalSID": "S-1-5-21-1383308726-1688689062-160329939-512", "PrincipalType": "Group", "RightName": "Enroll", "IsInherited": false}, {"PrincipalSID": "S-1-5-21-1383308726-1688689062-160329939-516", "PrincipalType": "Group", "RightName": "Enroll", "IsInherited": false}, {"PrincipalSID": "S-1-5-21-1383308726-1688689062-160329939-516", "PrincipalType": "Group", "RightName": "AutoEnroll", "IsInherited": false}, {"PrincipalSID": "S-1-5-21-1383308726-1688689062-160329939-519", "PrincipalType": "Group", "RightName": "WriteOwner", "IsInherited": false}, {"PrincipalSID": "S-1-5-21-1383308726-1688689062-160329939-519", "PrincipalType": "Group", "RightName": "WriteDacl", "IsInherited": false}, {"PrincipalSID": "S-1-5-21-1383308726-1688689062-160329939-519", "PrincipalType": "Group", "RightName": "WriteProperty", "IsInherited": false}, {"PrincipalSID": "S-1-5-21-1383308726-1688689062-160329939-519", "PrincipalType": "Group", "RightName": "Enroll", "IsInherited": false}, {"PrincipalSID": "EMERALD.WGMY-S-1-5-9", "PrincipalType": "Group", "RightName": "Enroll", "IsInherited": false}, {"PrincipalSID": "EMERALD.WGMY-S-1-5-9", "PrincipalType": "Group", "RightName": "AutoEnroll", "IsInherited": false}], "cas_ids": ["27e0384f-edc0-4215-a96a-42ea1e07d14d"]}, {"Properties": {"name": "OCSPRESPONSESIGNING@EMERALD.WGMY", "highvalue": false, "Template Name": "OCSPResponseSigning", "Display Name": "OCSP Response Signing", "Enabled": false, "Client Authentication": false, "Enrollment Agent": false, "Any Purpose": false, "Enrollee Supplies Subject": false, "Certificate Name Flag": ["SubjectRequireDnsAsCn", "SubjectAltRequireDns"], "Enrollment Flag": ["Norevocationinfoinissuedcerts", "AddOcspNocheck"], "Private Key Flag": ["AttestNone"], "Extended Key Usage": ["OCSP Signing"], "Requires Manager Approval": false, "Requires Key Archival": false, "Authorized Signatures Required": 0, "Validity Period": "2 weeks", "Renewal Period": "2 days", "domain": "EMERALD.WGMY"}, "ObjectIdentifier": "d7c08aef-d88c-4766-8a3d-4af3e5e7d366", "Aces": [{"PrincipalSID": "S-1-5-21-1383308726-1688689062-160329939-519", "PrincipalType": "Group", "RightName": "Owns", "IsInherited": false}, {"PrincipalSID": "S-1-5-21-1383308726-1688689062-160329939-512", "PrincipalType": "Group", "RightName": "WriteOwner", "IsInherited": false}, {"PrincipalSID": "S-1-5-21-1383308726-1688689062-160329939-512", "PrincipalType": "Group", "RightName": "WriteDacl", "IsInherited": false}, {"PrincipalSID": "S-1-5-21-1383308726-1688689062-160329939-512", "PrincipalType": "Group", "RightName": "WriteProperty", "IsInherited": false}, {"PrincipalSID": "S-1-5-21-1383308726-1688689062-160329939-512", "PrincipalType": "Group", "RightName": "Enroll", "IsInherited": false}, {"PrincipalSID": "S-1-5-21-1383308726-1688689062-160329939-519", "PrincipalType": "Group", "RightName": "WriteOwner", "IsInherited": false}, {"PrincipalSID": "S-1-5-21-1383308726-1688689062-160329939-519", "PrincipalType": "Group", "RightName": "WriteDacl", "IsInherited": false}, {"PrincipalSID": "S-1-5-21-1383308726-1688689062-160329939-519", "PrincipalType": "Group", "RightName": "WriteProperty", "IsInherited": false}, {"PrincipalSID": "S-1-5-21-1383308726-1688689062-160329939-519", "PrincipalType": "Group", "RightName": "Enroll", "IsInherited": false}], "cas_ids": null}, {"Properties": {"name": "RASANDIASSERVER@EMERALD.WGMY", "highvalue": false, "Template Name": "RASAndIASServer", "Display Name": "RAS and IAS Server", "Enabled": false, "Client Authentication": true, "Enrollment Agent": false, "Any Purpose": false, "Enrollee Supplies Subject": false, "Certificate Name Flag": ["SubjectRequireCommonName", "SubjectAltRequireDns"], "Enrollment Flag": ["AutoEnrollment"], "Private Key Flag": ["AttestNone"], "Extended Key Usage": ["Client Authentication", "Server Authentication"], "Requires Manager Approval": false, "Requires Key Archival": false, "Authorized Signatures Required": 0, "Validity Period": "1 year", "Renewal Period": "6 weeks", "domain": "EMERALD.WGMY"}, "ObjectIdentifier": "b014d4d0-0f03-41c3-b901-a7378895a69c", "Aces": [{"PrincipalSID": "S-1-5-21-1383308726-1688689062-160329939-519", "PrincipalType": "Group", "RightName": "Owns", "IsInherited": false}, {"PrincipalSID": "S-1-5-21-1383308726-1688689062-160329939-512", "PrincipalType": "Group", "RightName": "WriteOwner", "IsInherited": false}, {"PrincipalSID": "S-1-5-21-1383308726-1688689062-160329939-512", "PrincipalType": "Group", "RightName": "WriteDacl", "IsInherited": false}, {"PrincipalSID": "S-1-5-21-1383308726-1688689062-160329939-512", "PrincipalType": "Group", "RightName": "WriteProperty", "IsInherited": false}, {"PrincipalSID": "S-1-5-21-1383308726-1688689062-160329939-512", "PrincipalType": "Group", "RightName": "Enroll", "IsInherited": false}, {"PrincipalSID": "S-1-5-21-1383308726-1688689062-160329939-519", "PrincipalType": "Group", "RightName": "WriteOwner", "IsInherited": false}, {"PrincipalSID": "S-1-5-21-1383308726-1688689062-160329939-519", "PrincipalType": "Group", "RightName": "WriteDacl", "IsInherited": false}, {"PrincipalSID": "S-1-5-21-1383308726-1688689062-160329939-519", "PrincipalType": "Group", "RightName": "WriteProperty", "IsInherited": false}, {"PrincipalSID": "S-1-5-21-1383308726-1688689062-160329939-519", "PrincipalType": "Group", "RightName": "Enroll", "IsInherited": false}, {"PrincipalSID": "S-1-5-21-1383308726-1688689062-160329939-553", "PrincipalType": "Group", "RightName": "Enroll", "IsInherited": false}], "cas_ids": null}, {"Properties": {"name": "WORKSTATION@EMERALD.WGMY", "highvalue": false, "Template Name": "Workstation", "Display Name": "Workstation Authentication", "Enabled": false, "Client Authentication": true, "Enrollment Agent": false, "Any Purpose": false, "Enrollee Supplies Subject": false, "Certificate Name Flag": ["SubjectAltRequireDns"], "Enrollment Flag": ["AutoEnrollment"], "Private Key Flag": ["AttestNone"], "Extended Key Usage": ["Client Authentication"], "Requires Manager Approval": false, "Requires Key Archival": false, "Authorized Signatures Required": 0, "Validity Period": "1 year", "Renewal Period": "6 weeks", "domain": "EMERALD.WGMY"}, "ObjectIdentifier": "f6641e8a-d94e-47b3-a7b3-96eb40929651", "Aces": [{"PrincipalSID": "S-1-5-21-1383308726-1688689062-160329939-519", "PrincipalType": "Group", "RightName": "Owns", "IsInherited": false}, {"PrincipalSID": "S-1-5-21-1383308726-1688689062-160329939-512", "PrincipalType": "Group", "RightName": "WriteOwner", "IsInherited": false}, {"PrincipalSID": "S-1-5-21-1383308726-1688689062-160329939-512", "PrincipalType": "Group", "RightName": "WriteDacl", "IsInherited": false}, {"PrincipalSID": "S-1-5-21-1383308726-1688689062-160329939-512", "PrincipalType": "Group", "RightName": "WriteProperty", "IsInherited": false}, {"PrincipalSID": "S-1-5-21-1383308726-1688689062-160329939-512", "PrincipalType": "Group", "RightName": "Enroll", "IsInherited": false}, {"PrincipalSID": "S-1-5-21-1383308726-1688689062-160329939-515", "PrincipalType": "Group", "RightName": "Enroll", "IsInherited": false}, {"PrincipalSID": "S-1-5-21-1383308726-1688689062-160329939-519", "PrincipalType": "Group", "RightName": "WriteOwner", "IsInherited": false}, {"PrincipalSID": "S-1-5-21-1383308726-1688689062-160329939-519", "PrincipalType": "Group", "RightName": "WriteDacl", "IsInherited": false}, {"PrincipalSID": "S-1-5-21-1383308726-1688689062-160329939-519", "PrincipalType": "Group", "RightName": "WriteProperty", "IsInherited": false}, {"PrincipalSID": "S-1-5-21-1383308726-1688689062-160329939-519", "PrincipalType": "Group", "RightName": "Enroll", "IsInherited": false}], "cas_ids": null}, {"Properties": {"name": "DIRECTORYEMAILREPLICATION@EMERALD.WGMY", "highvalue": false, "Template Name": "DirectoryEmailReplication", "Display Name": "Directory Email Replication", "Certificate Authorities": ["emerald-AD-CA"], "Enabled": true, "Client Authentication": false, "Enrollment Agent": false, "Any Purpose": false, "Enrollee Supplies Subject": false, "Certificate Name Flag": ["SubjectAltRequireDns", "SubjectAltRequireDirectoryGuid"], "Enrollment Flag": ["AutoEnrollment", "PublishToDs", "IncludeSymmetricAlgorithms"], "Private Key Flag": ["AttestNone"], "Extended Key Usage": ["Directory Service Email Replication"], "Requires Manager Approval": false, "Requires Key Archival": false, "Authorized Signatures Required": 0, "Validity Period": "1 year", "Renewal Period": "6 weeks", "domain": "EMERALD.WGMY"}, "ObjectIdentifier": "9417a704-0d78-4ad2-9fc2-a1226f1021b3", "Aces": [{"PrincipalSID": "S-1-5-21-1383308726-1688689062-160329939-519", "PrincipalType": "Group", "RightName": "Owns", "IsInherited": false}, {"PrincipalSID": "S-1-5-21-1383308726-1688689062-160329939-498", "PrincipalType": "Group", "RightName": "Enroll", "IsInherited": false}, {"PrincipalSID": "S-1-5-21-1383308726-1688689062-160329939-498", "PrincipalType": "Group", "RightName": "AutoEnroll", "IsInherited": false}, {"PrincipalSID": "S-1-5-21-1383308726-1688689062-160329939-512", "PrincipalType": "Group", "RightName": "WriteOwner", "IsInherited": false}, {"PrincipalSID": "S-1-5-21-1383308726-1688689062-160329939-512", "PrincipalType": "Group", "RightName": "WriteDacl", "IsInherited": false}, {"PrincipalSID": "S-1-5-21-1383308726-1688689062-160329939-512", "PrincipalType": "Group", "RightName": "WriteProperty", "IsInherited": false}, {"PrincipalSID": "S-1-5-21-1383308726-1688689062-160329939-512", "PrincipalType": "Group", "RightName": "Enroll", "IsInherited": false}, {"PrincipalSID": "S-1-5-21-1383308726-1688689062-160329939-516", "PrincipalType": "Group", "RightName": "Enroll", "IsInherited": false}, {"PrincipalSID": "S-1-5-21-1383308726-1688689062-160329939-516", "PrincipalType": "Group", "RightName": "AutoEnroll", "IsInherited": false}, {"PrincipalSID": "S-1-5-21-1383308726-1688689062-160329939-519", "PrincipalType": "Group", "RightName": "WriteOwner", "IsInherited": false}, {"PrincipalSID": "S-1-5-21-1383308726-1688689062-160329939-519", "PrincipalType": "Group", "RightName": "WriteDacl", "IsInherited": false}, {"PrincipalSID": "S-1-5-21-1383308726-1688689062-160329939-519", "PrincipalType": "Group", "RightName": "WriteProperty", "IsInherited": false}, {"PrincipalSID": "S-1-5-21-1383308726-1688689062-160329939-519", "PrincipalType": "Group", "RightName": "Enroll", "IsInherited": false}, {"PrincipalSID": "EMERALD.WGMY-S-1-5-9", "PrincipalType": "Group", "RightName": "Enroll", "IsInherited": false}, {"PrincipalSID": "EMERALD.WGMY-S-1-5-9", "PrincipalType": "Group", "RightName": "AutoEnroll", "IsInherited": false}], "cas_ids": ["27e0384f-edc0-4215-a96a-42ea1e07d14d"]}, {"Properties": {"name": "DOMAINCONTROLLERAUTHENTICATION@EMERALD.WGMY", "highvalue": false, "Template Name": "DomainControllerAuthentication", "Display Name": "Domain Controller Authentication", "Certificate Authorities": ["emerald-AD-CA"], "Enabled": true, "Client Authentication": true, "Enrollment Agent": false, "Any Purpose": false, "Enrollee Supplies Subject": false, "Certificate Name Flag": ["SubjectAltRequireDns"], "Enrollment Flag": ["AutoEnrollment"], "Private Key Flag": ["AttestNone"], "Extended Key Usage": ["Client Authentication", "Server Authentication", "Smart Card Logon"], "Requires Manager Approval": false, "Requires Key Archival": false, "Authorized Signatures Required": 0, "Validity Period": "1 year", "Renewal Period": "6 weeks", "domain": "EMERALD.WGMY"}, "ObjectIdentifier": "f6817223-4275-4290-9d0a-a73b59cd74b7", "Aces": [{"PrincipalSID": "S-1-5-21-1383308726-1688689062-160329939-519", "PrincipalType": "Group", "RightName": "Owns", "IsInherited": false}, {"PrincipalSID": "S-1-5-21-1383308726-1688689062-160329939-498", "PrincipalType": "Group", "RightName": "Enroll", "IsInherited": false}, {"PrincipalSID": "S-1-5-21-1383308726-1688689062-160329939-498", "PrincipalType": "Group", "RightName": "AutoEnroll", "IsInherited": false}, {"PrincipalSID": "S-1-5-21-1383308726-1688689062-160329939-512", "PrincipalType": "Group", "RightName": "WriteOwner", "IsInherited": false}, {"PrincipalSID": "S-1-5-21-1383308726-1688689062-160329939-512", "PrincipalType": "Group", "RightName": "WriteDacl", "IsInherited": false}, {"PrincipalSID": "S-1-5-21-1383308726-1688689062-160329939-512", "PrincipalType": "Group", "RightName": "WriteProperty", "IsInherited": false}, {"PrincipalSID": "S-1-5-21-1383308726-1688689062-160329939-512", "PrincipalType": "Group", "RightName": "Enroll", "IsInherited": false}, {"PrincipalSID": "S-1-5-21-1383308726-1688689062-160329939-516", "PrincipalType": "Group", "RightName": "Enroll", "IsInherited": false}, {"PrincipalSID": "S-1-5-21-1383308726-1688689062-160329939-516", "PrincipalType": "Group", "RightName": "AutoEnroll", "IsInherited": false}, {"PrincipalSID": "S-1-5-21-1383308726-1688689062-160329939-519", "PrincipalType": "Group", "RightName": "WriteOwner", "IsInherited": false}, {"PrincipalSID": "S-1-5-21-1383308726-1688689062-160329939-519", "PrincipalType": "Group", "RightName": "WriteDacl", "IsInherited": false}, {"PrincipalSID": "S-1-5-21-1383308726-1688689062-160329939-519", "PrincipalType": "Group", "RightName": "WriteProperty", "IsInherited": false}, {"PrincipalSID": "S-1-5-21-1383308726-1688689062-160329939-519", "PrincipalType": "Group", "RightName": "Enroll", "IsInherited": false}, {"PrincipalSID": "EMERALD.WGMY-S-1-5-9", "PrincipalType": "Group", "RightName": "Enroll", "IsInherited": false}, {"PrincipalSID": "EMERALD.WGMY-S-1-5-9", "PrincipalType": "Group", "RightName": "AutoEnroll", "IsInherited": false}], "cas_ids": ["27e0384f-edc0-4215-a96a-42ea1e07d14d"]}, {"Properties": {"name": "KEYRECOVERYAGENT@EMERALD.WGMY", "highvalue": false, "Template Name": "KeyRecoveryAgent", "Display Name": "Key Recovery Agent", "Enabled": false, "Client Authentication": false, "Enrollment Agent": false, "Any Purpose": false, "Enrollee Supplies Subject": false, "Certificate Name Flag": ["SubjectRequireDirectoryPath", "SubjectAltRequireUpn"], "Enrollment Flag": ["AutoEnrollment", "PublishToKraContainer", "PendAllRequests", "IncludeSymmetricAlgorithms"], "Private Key Flag": ["ExportableKey"], "Extended Key Usage": ["Key Recovery Agent"], "Requires Manager Approval": true, "Requires Key Archival": false, "Authorized Signatures Required": 0, "Validity Period": "2 years", "Renewal Period": "6 weeks", "domain": "EMERALD.WGMY"}, "ObjectIdentifier": "e31bb028-b848-409c-83e5-281fcb1dda2b", "Aces": [{"PrincipalSID": "S-1-5-21-1383308726-1688689062-160329939-519", "PrincipalType": "Group", "RightName": "Owns", "IsInherited": false}, {"PrincipalSID": "S-1-5-21-1383308726-1688689062-160329939-512", "PrincipalType": "Group", "RightName": "WriteOwner", "IsInherited": false}, {"PrincipalSID": "S-1-5-21-1383308726-1688689062-160329939-512", "PrincipalType": "Group", "RightName": "WriteDacl", "IsInherited": false}, {"PrincipalSID": "S-1-5-21-1383308726-1688689062-160329939-512", "PrincipalType": "Group", "RightName": "WriteProperty", "IsInherited": false}, {"PrincipalSID": "S-1-5-21-1383308726-1688689062-160329939-512", "PrincipalType": "Group", "RightName": "Enroll", "IsInherited": false}, {"PrincipalSID": "S-1-5-21-1383308726-1688689062-160329939-519", "PrincipalType": "Group", "RightName": "WriteOwner", "IsInherited": false}, {"PrincipalSID": "S-1-5-21-1383308726-1688689062-160329939-519", "PrincipalType": "Group", "RightName": "WriteDacl", "IsInherited": false}, {"PrincipalSID": "S-1-5-21-1383308726-1688689062-160329939-519", "PrincipalType": "Group", "RightName": "WriteProperty", "IsInherited": false}, {"PrincipalSID": "S-1-5-21-1383308726-1688689062-160329939-519", "PrincipalType": "Group", "RightName": "Enroll", "IsInherited": false}], "cas_ids": null}, {"Properties": {"name": "CAEXCHANGE@EMERALD.WGMY", "highvalue": false, "Template Name": "CAExchange", "Display Name": "CA Exchange", "Enabled": false, "Client Authentication": false, "Enrollment Agent": false, "Any Purpose": false, "Enrollee Supplies Subject": true, "Certificate Name Flag": ["EnrolleeSuppliesSubject"], "Enrollment Flag": ["IncludeSymmetricAlgorithms"], "Private Key Flag": ["AttestNone"], "Extended Key Usage": ["Private Key Archival"], "Requires Manager Approval": false, "Requires Key Archival": false, "Authorized Signatures Required": 0, "Validity Period": "1 week", "Renewal Period": "1 day", "domain": "EMERALD.WGMY"}, "ObjectIdentifier": "b2e145e6-55e4-4b58-875d-37ea1388f1b7", "Aces": [{"PrincipalSID": "S-1-5-21-1383308726-1688689062-160329939-519", "PrincipalType": "Group", "RightName": "Owns", "IsInherited": false}, {"PrincipalSID": "S-1-5-21-1383308726-1688689062-160329939-512", "PrincipalType": "Group", "RightName": "WriteOwner", "IsInherited": false}, {"PrincipalSID": "S-1-5-21-1383308726-1688689062-160329939-512", "PrincipalType": "Group", "RightName": "WriteDacl", "IsInherited": false}, {"PrincipalSID": "S-1-5-21-1383308726-1688689062-160329939-512", "PrincipalType": "Group", "RightName": "WriteProperty", "IsInherited": false}, {"PrincipalSID": "S-1-5-21-1383308726-1688689062-160329939-512", "PrincipalType": "Group", "RightName": "Enroll", "IsInherited": false}, {"PrincipalSID": "S-1-5-21-1383308726-1688689062-160329939-519", "PrincipalType": "Group", "RightName": "WriteOwner", "IsInherited": false}, {"PrincipalSID": "S-1-5-21-1383308726-1688689062-160329939-519", "PrincipalType": "Group", "RightName": "WriteDacl", "IsInherited": false}, {"PrincipalSID": "S-1-5-21-1383308726-1688689062-160329939-519", "PrincipalType": "Group", "RightName": "WriteProperty", "IsInherited": false}, {"PrincipalSID": "S-1-5-21-1383308726-1688689062-160329939-519", "PrincipalType": "Group", "RightName": "Enroll", "IsInherited": false}], "cas_ids": null}, {"Properties": {"name": "CROSSCA@EMERALD.WGMY", "highvalue": false, "Template Name": "CrossCA", "Display Name": "Cross Certification Authority", "Enabled": false, "Client Authentication": true, "Enrollment Agent": true, "Any Purpose": true, "Enrollee Supplies Subject": true, "Certificate Name Flag": ["EnrolleeSuppliesSubject"], "Enrollment Flag": ["PublishToDs"], "Private Key Flag": ["ExportableKey"], "Requires Manager Approval": false, "Requires Key Archival": false, "Authorized Signatures Required": 1, "Validity Period": "5 years", "Renewal Period": "6 weeks", "domain": "EMERALD.WGMY"}, "ObjectIdentifier": "2b39b328-1fc0-4321-9b48-5201804bc43d", "Aces": [{"PrincipalSID": "S-1-5-21-1383308726-1688689062-160329939-519", "PrincipalType": "Group", "RightName": "Owns", "IsInherited": false}, {"PrincipalSID": "S-1-5-21-1383308726-1688689062-160329939-512", "PrincipalType": "Group", "RightName": "WriteOwner", "IsInherited": false}, {"PrincipalSID": "S-1-5-21-1383308726-1688689062-160329939-512", "PrincipalType": "Group", "RightName": "WriteDacl", "IsInherited": false}, {"PrincipalSID": "S-1-5-21-1383308726-1688689062-160329939-512", "PrincipalType": "Group", "RightName": "WriteProperty", "IsInherited": false}, {"PrincipalSID": "S-1-5-21-1383308726-1688689062-160329939-512", "PrincipalType": "Group", "RightName": "Enroll", "IsInherited": false}, {"PrincipalSID": "S-1-5-21-1383308726-1688689062-160329939-519", "PrincipalType": "Group", "RightName": "WriteOwner", "IsInherited": false}, {"PrincipalSID": "S-1-5-21-1383308726-1688689062-160329939-519", "PrincipalType": "Group", "RightName": "WriteDacl", "IsInherited": false}, {"PrincipalSID": "S-1-5-21-1383308726-1688689062-160329939-519", "PrincipalType": "Group", "RightName": "WriteProperty", "IsInherited": false}, {"PrincipalSID": "S-1-5-21-1383308726-1688689062-160329939-519", "PrincipalType": "Group", "RightName": "Enroll", "IsInherited": false}], "cas_ids": null}, {"Properties": {"name": "EXCHANGEUSERSIGNATURE@EMERALD.WGMY", "highvalue": false, "Template Name": "ExchangeUserSignature", "Display Name": "Exchange Signature Only", "Enabled": false, "Client Authentication": false, "Enrollment Agent": false, "Any Purpose": false, "Enrollee Supplies Subject": true, "Certificate Name Flag": ["EnrolleeSuppliesSubject"], "Enrollment Flag": ["None"], "Private Key Flag": ["AttestNone"], "Extended Key Usage": ["Secure Email"], "Requires Manager Approval": false, "Requires Key Archival": false, "Authorized Signatures Required": 0, "Validity Period": "1 year", "Renewal Period": "6 weeks", "domain": "EMERALD.WGMY"}, "ObjectIdentifier": "70ee7dc4-71a5-4fc0-ba9e-4172898f2bfd", "Aces": [{"PrincipalSID": "S-1-5-21-1383308726-1688689062-160329939-519", "PrincipalType": "Group", "RightName": "Owns", "IsInherited": false}, {"PrincipalSID": "S-1-5-21-1383308726-1688689062-160329939-512", "PrincipalType": "Group", "RightName": "WriteOwner", "IsInherited": false}, {"PrincipalSID": "S-1-5-21-1383308726-1688689062-160329939-512", "PrincipalType": "Group", "RightName": "WriteDacl", "IsInherited": false}, {"PrincipalSID": "S-1-5-21-1383308726-1688689062-160329939-512", "PrincipalType": "Group", "RightName": "WriteProperty", "IsInherited": false}, {"PrincipalSID": "S-1-5-21-1383308726-1688689062-160329939-512", "PrincipalType": "Group", "RightName": "Enroll", "IsInherited": false}, {"PrincipalSID": "S-1-5-21-1383308726-1688689062-160329939-519", "PrincipalType": "Group", "RightName": "WriteOwner", "IsInherited": false}, {"PrincipalSID": "S-1-5-21-1383308726-1688689062-160329939-519", "PrincipalType": "Group", "RightName": "WriteDacl", "IsInherited": false}, {"PrincipalSID": "S-1-5-21-1383308726-1688689062-160329939-519", "PrincipalType": "Group", "RightName": "WriteProperty", "IsInherited": false}, {"PrincipalSID": "S-1-5-21-1383308726-1688689062-160329939-519", "PrincipalType": "Group", "RightName": "Enroll", "IsInherited": false}], "cas_ids": null}, {"Properties": {"name": "EXCHANGEUSER@EMERALD.WGMY", "highvalue": false, "Template Name": "ExchangeUser", "Display Name": "Exchange User", "Enabled": false, "Client Authentication": false, "Enrollment Agent": false, "Any Purpose": false, "Enrollee Supplies Subject": true, "Certificate Name Flag": ["EnrolleeSuppliesSubject"], "Enrollment Flag": ["IncludeSymmetricAlgorithms"], "Private Key Flag": ["ExportableKey"], "Extended Key Usage": ["Secure Email"], "Requires Manager Approval": false, "Requires Key Archival": false, "Authorized Signatures Required": 0, "Validity Period": "1 year", "Renewal Period": "6 weeks", "domain": "EMERALD.WGMY"}, "ObjectIdentifier": "c87e6b87-df45-41ab-92dc-bc898c4914fd", "Aces": [{"PrincipalSID": "S-1-5-21-1383308726-1688689062-160329939-519", "PrincipalType": "Group", "RightName": "Owns", "IsInherited": false}, {"PrincipalSID": "S-1-5-21-1383308726-1688689062-160329939-512", "PrincipalType": "Group", "RightName": "WriteOwner", "IsInherited": false}, {"PrincipalSID": "S-1-5-21-1383308726-1688689062-160329939-512", "PrincipalType": "Group", "RightName": "WriteDacl", "IsInherited": false}, {"PrincipalSID": "S-1-5-21-1383308726-1688689062-160329939-512", "PrincipalType": "Group", "RightName": "WriteProperty", "IsInherited": false}, {"PrincipalSID": "S-1-5-21-1383308726-1688689062-160329939-512", "PrincipalType": "Group", "RightName": "Enroll", "IsInherited": false}, {"PrincipalSID": "S-1-5-21-1383308726-1688689062-160329939-519", "PrincipalType": "Group", "RightName": "WriteOwner", "IsInherited": false}, {"PrincipalSID": "S-1-5-21-1383308726-1688689062-160329939-519", "PrincipalType": "Group", "RightName": "WriteDacl", "IsInherited": false}, {"PrincipalSID": "S-1-5-21-1383308726-1688689062-160329939-519", "PrincipalType": "Group", "RightName": "WriteProperty", "IsInherited": false}, {"PrincipalSID": "S-1-5-21-1383308726-1688689062-160329939-519", "PrincipalType": "Group", "RightName": "Enroll", "IsInherited": false}], "cas_ids": null}, {"Properties": {"name": "CEPENCRYPTION@EMERALD.WGMY", "highvalue": false, "Template Name": "CEPEncryption", "Display Name": "CEP Encryption", "Enabled": false, "Client Authentication": false, "Enrollment Agent": true, "Any Purpose": false, "Enrollee Supplies Subject": true, "Certificate Name Flag": ["EnrolleeSuppliesSubject"], "Enrollment Flag": ["None"], "Private Key Flag": ["AttestNone"], "Extended Key Usage": ["Certificate Request Agent"], "Requires Manager Approval": false, "Requires Key Archival": false, "Authorized Signatures Required": 0, "Validity Period": "2 years", "Renewal Period": "6 weeks", "domain": "EMERALD.WGMY"}, "ObjectIdentifier": "d44d2809-af20-42c2-af80-c8fe576f0aa5", "Aces": [{"PrincipalSID": "S-1-5-21-1383308726-1688689062-160329939-519", "PrincipalType": "Group", "RightName": "Owns", "IsInherited": false}, {"PrincipalSID": "S-1-5-21-1383308726-1688689062-160329939-512", "PrincipalType": "Group", "RightName": "WriteOwner", "IsInherited": false}, {"PrincipalSID": "S-1-5-21-1383308726-1688689062-160329939-512", "PrincipalType": "Group", "RightName": "WriteDacl", "IsInherited": false}, {"PrincipalSID": "S-1-5-21-1383308726-1688689062-160329939-512", "PrincipalType": "Group", "RightName": "WriteProperty", "IsInherited": false}, {"PrincipalSID": "S-1-5-21-1383308726-1688689062-160329939-512", "PrincipalType": "Group", "RightName": "Enroll", "IsInherited": false}, {"PrincipalSID": "S-1-5-21-1383308726-1688689062-160329939-519", "PrincipalType": "Group", "RightName": "WriteOwner", "IsInherited": false}, {"PrincipalSID": "S-1-5-21-1383308726-1688689062-160329939-519", "PrincipalType": "Group", "RightName": "WriteDacl", "IsInherited": false}, {"PrincipalSID": "S-1-5-21-1383308726-1688689062-160329939-519", "PrincipalType": "Group", "RightName": "WriteProperty", "IsInherited": false}, {"PrincipalSID": "S-1-5-21-1383308726-1688689062-160329939-519", "PrincipalType": "Group", "RightName": "Enroll", "IsInherited": false}], "cas_ids": null}, {"Properties": {"name": "OFFLINEROUTER@EMERALD.WGMY", "highvalue": false, "Template Name": "OfflineRouter", "Display Name": "Router (Offline request)", "Enabled": false, "Client Authentication": true, "Enrollment Agent": false, "Any Purpose": false, "Enrollee Supplies Subject": true, "Certificate Name Flag": ["EnrolleeSuppliesSubject"], "Enrollment Flag": ["None"], "Private Key Flag": ["AttestNone"], "Extended Key Usage": ["Client Authentication"], "Requires Manager Approval": false, "Requires Key Archival": false, "Authorized Signatures Required": 0, "Validity Period": "2 years", "Renewal Period": "6 weeks", "domain": "EMERALD.WGMY"}, "ObjectIdentifier": "4b9158fe-5917-4093-96e2-7204683e4de4", "Aces": [{"PrincipalSID": "S-1-5-21-1383308726-1688689062-160329939-519", "PrincipalType": "Group", "RightName": "Owns", "IsInherited": false}, {"PrincipalSID": "S-1-5-21-1383308726-1688689062-160329939-512", "PrincipalType": "Group", "RightName": "WriteOwner", "IsInherited": false}, {"PrincipalSID": "S-1-5-21-1383308726-1688689062-160329939-512", "PrincipalType": "Group", "RightName": "WriteDacl", "IsInherited": false}, {"PrincipalSID": "S-1-5-21-1383308726-1688689062-160329939-512", "PrincipalType": "Group", "RightName": "WriteProperty", "IsInherited": false}, {"PrincipalSID": "S-1-5-21-1383308726-1688689062-160329939-512", "PrincipalType": "Group", "RightName": "Enroll", "IsInherited": false}, {"PrincipalSID": "S-1-5-21-1383308726-1688689062-160329939-519", "PrincipalType": "Group", "RightName": "WriteOwner", "IsInherited": false}, {"PrincipalSID": "S-1-5-21-1383308726-1688689062-160329939-519", "PrincipalType": "Group", "RightName": "WriteDacl", "IsInherited": false}, {"PrincipalSID": "S-1-5-21-1383308726-1688689062-160329939-519", "PrincipalType": "Group", "RightName": "WriteProperty", "IsInherited": false}, {"PrincipalSID": "S-1-5-21-1383308726-1688689062-160329939-519", "PrincipalType": "Group", "RightName": "Enroll", "IsInherited": false}], "cas_ids": null}, {"Properties": {"name": "IPSECINTERMEDIATEOFFLINE@EMERALD.WGMY", "highvalue": false, "Template Name": "IPSECIntermediateOffline", "Display Name": "IPSec (Offline request)", "Enabled": false, "Client Authentication": false, "Enrollment Agent": false, "Any Purpose": false, "Enrollee Supplies Subject": true, "Certificate Name Flag": ["EnrolleeSuppliesSubject"], "Enrollment Flag": ["None"], "Private Key Flag": ["AttestNone"], "Extended Key Usage": ["IP security IKE intermediate"], "Requires Manager Approval": false, "Requires Key Archival": false, "Authorized Signatures Required": 0, "Validity Period": "2 years", "Renewal Period": "6 weeks", "domain": "EMERALD.WGMY"}, "ObjectIdentifier": "57f141cf-8398-4fab-91b5-5fc4cf376400", "Aces": [{"PrincipalSID": "S-1-5-21-1383308726-1688689062-160329939-519", "PrincipalType": "Group", "RightName": "Owns", "IsInherited": false}, {"PrincipalSID": "S-1-5-21-1383308726-1688689062-160329939-512", "PrincipalType": "Group", "RightName": "WriteOwner", "IsInherited": false}, {"PrincipalSID": "S-1-5-21-1383308726-1688689062-160329939-512", "PrincipalType": "Group", "RightName": "WriteDacl", "IsInherited": false}, {"PrincipalSID": "S-1-5-21-1383308726-1688689062-160329939-512", "PrincipalType": "Group", "RightName": "WriteProperty", "IsInherited": false}, {"PrincipalSID": "S-1-5-21-1383308726-1688689062-160329939-512", "PrincipalType": "Group", "RightName": "Enroll", "IsInherited": false}, {"PrincipalSID": "S-1-5-21-1383308726-1688689062-160329939-519", "PrincipalType": "Group", "RightName": "WriteOwner", "IsInherited": false}, {"PrincipalSID": "S-1-5-21-1383308726-1688689062-160329939-519", "PrincipalType": "Group", "RightName": "WriteDacl", "IsInherited": false}, {"PrincipalSID": "S-1-5-21-1383308726-1688689062-160329939-519", "PrincipalType": "Group", "RightName": "WriteProperty", "IsInherited": false}, {"PrincipalSID": "S-1-5-21-1383308726-1688689062-160329939-519", "PrincipalType": "Group", "RightName": "Enroll", "IsInherited": false}], "cas_ids": null}, {"Properties": {"name": "IPSECINTERMEDIATEONLINE@EMERALD.WGMY", "highvalue": false, "Template Name": "IPSECIntermediateOnline", "Display Name": "IPSec", "Enabled": false, "Client Authentication": false, "Enrollment Agent": false, "Any Purpose": false, "Enrollee Supplies Subject": false, "Certificate Name Flag": ["SubjectRequireDnsAsCn", "SubjectAltRequireDns"], "Enrollment Flag": ["AutoEnrollment"], "Private Key Flag": ["AttestNone"], "Extended Key Usage": ["IP security IKE intermediate"], "Requires Manager Approval": false, "Requires Key Archival": false, "Authorized Signatures Required": 0, "Validity Period": "2 years", "Renewal Period": "6 weeks", "domain": "EMERALD.WGMY"}, "ObjectIdentifier": "17575dc9-f717-47f3-a40b-0a01f5f7aa9b", "Aces": [{"PrincipalSID": "S-1-5-21-1383308726-1688689062-160329939-519", "PrincipalType": "Group", "RightName": "Owns", "IsInherited": false}, {"PrincipalSID": "S-1-5-21-1383308726-1688689062-160329939-512", "PrincipalType": "Group", "RightName": "WriteOwner", "IsInherited": false}, {"PrincipalSID": "S-1-5-21-1383308726-1688689062-160329939-512", "PrincipalType": "Group", "RightName": "WriteDacl", "IsInherited": false}, {"PrincipalSID": "S-1-5-21-1383308726-1688689062-160329939-512", "PrincipalType": "Group", "RightName": "WriteProperty", "IsInherited": false}, {"PrincipalSID": "S-1-5-21-1383308726-1688689062-160329939-512", "PrincipalType": "Group", "RightName": "Enroll", "IsInherited": false}, {"PrincipalSID": "S-1-5-21-1383308726-1688689062-160329939-515", "PrincipalType": "Group", "RightName": "Enroll", "IsInherited": false}, {"PrincipalSID": "S-1-5-21-1383308726-1688689062-160329939-516", "PrincipalType": "Group", "RightName": "Enroll", "IsInherited": false}, {"PrincipalSID": "S-1-5-21-1383308726-1688689062-160329939-519", "PrincipalType": "Group", "RightName": "WriteOwner", "IsInherited": false}, {"PrincipalSID": "S-1-5-21-1383308726-1688689062-160329939-519", "PrincipalType": "Group", "RightName": "WriteDacl", "IsInherited": false}, {"PrincipalSID": "S-1-5-21-1383308726-1688689062-160329939-519", "PrincipalType": "Group", "RightName": "WriteProperty", "IsInherited": false}, {"PrincipalSID": "S-1-5-21-1383308726-1688689062-160329939-519", "PrincipalType": "Group", "RightName": "Enroll", "IsInherited": false}], "cas_ids": null}, {"Properties": {"name": "SUBCA@EMERALD.WGMY", "highvalue": true, "Template Name": "SubCA", "Display Name": "Subordinate Certification Authority", "Certificate Authorities": ["emerald-AD-CA"], "Enabled": true, "Client Authentication": true, "Enrollment Agent": true, "Any Purpose": true, "Enrollee Supplies Subject": true, "Certificate Name Flag": ["EnrolleeSuppliesSubject"], "Enrollment Flag": ["None"], "Private Key Flag": ["ExportableKey"], "Requires Manager Approval": false, "Requires Key Archival": false, "Authorized Signatures Required": 0, "Validity Period": "5 years", "Renewal Period": "6 weeks", "domain": "EMERALD.WGMY"}, "ObjectIdentifier": "f4ba48b8-8af0-4d5e-ae8f-999dd710de2d", "Aces": [{"PrincipalSID": "S-1-5-21-1383308726-1688689062-160329939-519", "PrincipalType": "Group", "RightName": "Owns", "IsInherited": false}, {"PrincipalSID": "S-1-5-21-1383308726-1688689062-160329939-512", "PrincipalType": "Group", "RightName": "WriteOwner", "IsInherited": false}, {"PrincipalSID": "S-1-5-21-1383308726-1688689062-160329939-512", "PrincipalType": "Group", "RightName": "WriteDacl", "IsInherited": false}, {"PrincipalSID": "S-1-5-21-1383308726-1688689062-160329939-512", "PrincipalType": "Group", "RightName": "WriteProperty", "IsInherited": false}, {"PrincipalSID": "S-1-5-21-1383308726-1688689062-160329939-512", "PrincipalType": "Group", "RightName": "Enroll", "IsInherited": false}, {"PrincipalSID": "S-1-5-21-1383308726-1688689062-160329939-519", "PrincipalType": "Group", "RightName": "WriteOwner", "IsInherited": false}, {"PrincipalSID": "S-1-5-21-1383308726-1688689062-160329939-519", "PrincipalType": "Group", "RightName": "WriteDacl", "IsInherited": false}, {"PrincipalSID": "S-1-5-21-1383308726-1688689062-160329939-519", "PrincipalType": "Group", "RightName": "WriteProperty", "IsInherited": false}, {"PrincipalSID": "S-1-5-21-1383308726-1688689062-160329939-519", "PrincipalType": "Group", "RightName": "Enroll", "IsInherited": false}], "cas_ids": ["27e0384f-edc0-4215-a96a-42ea1e07d14d"]}, {"Properties": {"name": "CA@EMERALD.WGMY", "highvalue": false, "Template Name": "CA", "Display Name": "Root Certification Authority", "Enabled": false, "Client Authentication": true, "Enrollment Agent": true, "Any Purpose": true, "Enrollee Supplies Subject": true, "Certificate Name Flag": ["EnrolleeSuppliesSubject"], "Enrollment Flag": ["None"], "Private Key Flag": ["ExportableKey"], "Requires Manager Approval": false, "Requires Key Archival": false, "Authorized Signatures Required": 0, "Validity Period": "5 years", "Renewal Period": "6 weeks", "domain": "EMERALD.WGMY"}, "ObjectIdentifier": "b58d40f4-b896-44bc-990e-fb0994ef7cdb", "Aces": [{"PrincipalSID": "S-1-5-21-1383308726-1688689062-160329939-519", "PrincipalType": "Group", "RightName": "Owns", "IsInherited": false}, {"PrincipalSID": "S-1-5-21-1383308726-1688689062-160329939-512", "PrincipalType": "Group", "RightName": "WriteOwner", "IsInherited": false}, {"PrincipalSID": "S-1-5-21-1383308726-1688689062-160329939-512", "PrincipalType": "Group", "RightName": "WriteDacl", "IsInherited": false}, {"PrincipalSID": "S-1-5-21-1383308726-1688689062-160329939-512", "PrincipalType": "Group", "RightName": "WriteProperty", "IsInherited": false}, {"PrincipalSID": "S-1-5-21-1383308726-1688689062-160329939-512", "PrincipalType": "Group", "RightName": "Enroll", "IsInherited": false}, {"PrincipalSID": "S-1-5-21-1383308726-1688689062-160329939-519", "PrincipalType": "Group", "RightName": "WriteOwner", "IsInherited": false}, {"PrincipalSID": "S-1-5-21-1383308726-1688689062-160329939-519", "PrincipalType": "Group", "RightName": "WriteDacl", "IsInherited": false}, {"PrincipalSID": "S-1-5-21-1383308726-1688689062-160329939-519", "PrincipalType": "Group", "RightName": "WriteProperty", "IsInherited": false}, {"PrincipalSID": "S-1-5-21-1383308726-1688689062-160329939-519", "PrincipalType": "Group", "RightName": "Enroll", "IsInherited": false}], "cas_ids": null}, {"Properties": {"name": "WEBSERVER@EMERALD.WGMY", "highvalue": false, "Template Name": "WebServer", "Display Name": "Web Server", "Certificate Authorities": ["emerald-AD-CA"], "Enabled": true, "Client Authentication": false, "Enrollment Agent": false, "Any Purpose": false, "Enrollee Supplies Subject": true, "Certificate Name Flag": ["EnrolleeSuppliesSubject"], "Enrollment Flag": ["None"], "Private Key Flag": ["AttestNone"], "Extended Key Usage": ["Server Authentication"], "Requires Manager Approval": false, "Requires Key Archival": false, "Authorized Signatures Required": 0, "Validity Period": "2 years", "Renewal Period": "6 weeks", "domain": "EMERALD.WGMY"}, "ObjectIdentifier": "c09ebeb5-b08d-4ebd-bf0f-eff527b51267", "Aces": [{"PrincipalSID": "S-1-5-21-1383308726-1688689062-160329939-519", "PrincipalType": "Group", "RightName": "Owns", "IsInherited": false}, {"PrincipalSID": "S-1-5-21-1383308726-1688689062-160329939-512", "PrincipalType": "Group", "RightName": "WriteOwner", "IsInherited": false}, {"PrincipalSID": "S-1-5-21-1383308726-1688689062-160329939-512", "PrincipalType": "Group", "RightName": "WriteDacl", "IsInherited": false}, {"PrincipalSID": "S-1-5-21-1383308726-1688689062-160329939-512", "PrincipalType": "Group", "RightName": "WriteProperty", "IsInherited": false}, {"PrincipalSID": "S-1-5-21-1383308726-1688689062-160329939-512", "PrincipalType": "Group", "RightName": "Enroll", "IsInherited": false}, {"PrincipalSID": "S-1-5-21-1383308726-1688689062-160329939-519", "PrincipalType": "Group", "RightName": "WriteOwner", "IsInherited": false}, {"PrincipalSID": "S-1-5-21-1383308726-1688689062-160329939-519", "PrincipalType": "Group", "RightName": "WriteDacl", "IsInherited": false}, {"PrincipalSID": "S-1-5-21-1383308726-1688689062-160329939-519", "PrincipalType": "Group", "RightName": "WriteProperty", "IsInherited": false}, {"PrincipalSID": "S-1-5-21-1383308726-1688689062-160329939-519", "PrincipalType": "Group", "RightName": "Enroll", "IsInherited": false}], "cas_ids": ["27e0384f-edc0-4215-a96a-42ea1e07d14d"]}, {"Properties": {"name": "DOMAINCONTROLLER@EMERALD.WGMY", "highvalue": false, "Template Name": "DomainController", "Display Name": "Domain Controller", "Certificate Authorities": ["emerald-AD-CA"], "Enabled": true, "Client Authentication": true, "Enrollment Agent": false, "Any Purpose": false, "Enrollee Supplies Subject": false, "Certificate Name Flag": ["SubjectRequireDnsAsCn", "SubjectAltRequireDns", "SubjectAltRequireDirectoryGuid"], "Enrollment Flag": ["AutoEnrollment", "PublishToDs", "IncludeSymmetricAlgorithms"], "Private Key Flag": ["AttestNone"], "Extended Key Usage": ["Client Authentication", "Server Authentication"], "Requires Manager Approval": false, "Requires Key Archival": false, "Authorized Signatures Required": 0, "Validity Period": "1 year", "Renewal Period": "6 weeks", "domain": "EMERALD.WGMY"}, "ObjectIdentifier": "2d229963-a934-4654-a76b-4bdd43c9da5c", "Aces": [{"PrincipalSID": "S-1-5-21-1383308726-1688689062-160329939-519", "PrincipalType": "Group", "RightName": "Owns", "IsInherited": false}, {"PrincipalSID": "S-1-5-21-1383308726-1688689062-160329939-498", "PrincipalType": "Group", "RightName": "Enroll", "IsInherited": false}, {"PrincipalSID": "S-1-5-21-1383308726-1688689062-160329939-512", "PrincipalType": "Group", "RightName": "WriteOwner", "IsInherited": false}, {"PrincipalSID": "S-1-5-21-1383308726-1688689062-160329939-512", "PrincipalType": "Group", "RightName": "WriteDacl", "IsInherited": false}, {"PrincipalSID": "S-1-5-21-1383308726-1688689062-160329939-512", "PrincipalType": "Group", "RightName": "WriteProperty", "IsInherited": false}, {"PrincipalSID": "S-1-5-21-1383308726-1688689062-160329939-512", "PrincipalType": "Group", "RightName": "Enroll", "IsInherited": false}, {"PrincipalSID": "S-1-5-21-1383308726-1688689062-160329939-516", "PrincipalType": "Group", "RightName": "Enroll", "IsInherited": false}, {"PrincipalSID": "S-1-5-21-1383308726-1688689062-160329939-519", "PrincipalType": "Group", "RightName": "WriteOwner", "IsInherited": false}, {"PrincipalSID": "S-1-5-21-1383308726-1688689062-160329939-519", "PrincipalType": "Group", "RightName": "WriteDacl", "IsInherited": false}, {"PrincipalSID": "S-1-5-21-1383308726-1688689062-160329939-519", "PrincipalType": "Group", "RightName": "WriteProperty", "IsInherited": false}, {"PrincipalSID": "S-1-5-21-1383308726-1688689062-160329939-519", "PrincipalType": "Group", "RightName": "Enroll", "IsInherited": false}, {"PrincipalSID": "EMERALD.WGMY-S-1-5-9", "PrincipalType": "Group", "RightName": "Enroll", "IsInherited": false}], "cas_ids": ["27e0384f-edc0-4215-a96a-42ea1e07d14d"]}, {"Properties": {"name": "MACHINE@EMERALD.WGMY", "highvalue": false, "Template Name": "Machine", "Display Name": "Computer", "Certificate Authorities": ["emerald-AD-CA"], "Enabled": true, "Client Authentication": true, "Enrollment Agent": false, "Any Purpose": false, "Enrollee Supplies Subject": false, "Certificate Name Flag": ["SubjectRequireDnsAsCn", "SubjectAltRequireDns"], "Enrollment Flag": ["AutoEnrollment"], "Private Key Flag": ["AttestNone"], "Extended Key Usage": ["Client Authentication", "Server Authentication"], "Requires Manager Approval": false, "Requires Key Archival": false, "Authorized Signatures Required": 0, "Validity Period": "1 year", "Renewal Period": "6 weeks", "domain": "EMERALD.WGMY"}, "ObjectIdentifier": "1277e20e-c839-4af2-9002-beab437be379", "Aces": [{"PrincipalSID": "S-1-5-21-1383308726-1688689062-160329939-519", "PrincipalType": "Group", "RightName": "Owns", "IsInherited": false}, {"PrincipalSID": "S-1-5-21-1383308726-1688689062-160329939-512", "PrincipalType": "Group", "RightName": "WriteOwner", "IsInherited": false}, {"PrincipalSID": "S-1-5-21-1383308726-1688689062-160329939-512", "PrincipalType": "Group", "RightName": "WriteDacl", "IsInherited": false}, {"PrincipalSID": "S-1-5-21-1383308726-1688689062-160329939-512", "PrincipalType": "Group", "RightName": "WriteProperty", "IsInherited": false}, {"PrincipalSID": "S-1-5-21-1383308726-1688689062-160329939-512", "PrincipalType": "Group", "RightName": "Enroll", "IsInherited": false}, {"PrincipalSID": "S-1-5-21-1383308726-1688689062-160329939-515", "PrincipalType": "Group", "RightName": "Enroll", "IsInherited": false}, {"PrincipalSID": "S-1-5-21-1383308726-1688689062-160329939-519", "PrincipalType": "Group", "RightName": "WriteOwner", "IsInherited": false}, {"PrincipalSID": "S-1-5-21-1383308726-1688689062-160329939-519", "PrincipalType": "Group", "RightName": "WriteDacl", "IsInherited": false}, {"PrincipalSID": "S-1-5-21-1383308726-1688689062-160329939-519", "PrincipalType": "Group", "RightName": "WriteProperty", "IsInherited": false}, {"PrincipalSID": "S-1-5-21-1383308726-1688689062-160329939-519", "PrincipalType": "Group", "RightName": "Enroll", "IsInherited": false}], "cas_ids": ["27e0384f-edc0-4215-a96a-42ea1e07d14d"]}, {"Properties": {"name": "MACHINEENROLLMENTAGENT@EMERALD.WGMY", "highvalue": false, "Template Name": "MachineEnrollmentAgent", "Display Name": "Enrollment Agent (Computer)", "Enabled": false, "Client Authentication": false, "Enrollment Agent": true, "Any Purpose": false, "Enrollee Supplies Subject": false, "Certificate Name Flag": ["SubjectRequireDnsAsCn", "SubjectAltRequireDns"], "Enrollment Flag": ["AutoEnrollment"], "Private Key Flag": ["AttestNone"], "Extended Key Usage": ["Certificate Request Agent"], "Requires Manager Approval": false, "Requires Key Archival": false, "Authorized Signatures Required": 0, "Validity Period": "2 years", "Renewal Period": "6 weeks", "domain": "EMERALD.WGMY"}, "ObjectIdentifier": "5f748bc5-76e6-4a45-9ecd-a0293ce23c4a", "Aces": [{"PrincipalSID": "S-1-5-21-1383308726-1688689062-160329939-519", "PrincipalType": "Group", "RightName": "Owns", "IsInherited": false}, {"PrincipalSID": "S-1-5-21-1383308726-1688689062-160329939-512", "PrincipalType": "Group", "RightName": "WriteOwner", "IsInherited": false}, {"PrincipalSID": "S-1-5-21-1383308726-1688689062-160329939-512", "PrincipalType": "Group", "RightName": "WriteDacl", "IsInherited": false}, {"PrincipalSID": "S-1-5-21-1383308726-1688689062-160329939-512", "PrincipalType": "Group", "RightName": "WriteProperty", "IsInherited": false}, {"PrincipalSID": "S-1-5-21-1383308726-1688689062-160329939-512", "PrincipalType": "Group", "RightName": "Enroll", "IsInherited": false}, {"PrincipalSID": "S-1-5-21-1383308726-1688689062-160329939-519", "PrincipalType": "Group", "RightName": "WriteOwner", "IsInherited": false}, {"PrincipalSID": "S-1-5-21-1383308726-1688689062-160329939-519", "PrincipalType": "Group", "RightName": "WriteDacl", "IsInherited": false}, {"PrincipalSID": "S-1-5-21-1383308726-1688689062-160329939-519", "PrincipalType": "Group", "RightName": "WriteProperty", "IsInherited": false}, {"PrincipalSID": "S-1-5-21-1383308726-1688689062-160329939-519", "PrincipalType": "Group", "RightName": "Enroll", "IsInherited": false}], "cas_ids": null}, {"Properties": {"name": "ENROLLMENTAGENTOFFLINE@EMERALD.WGMY", "highvalue": false, "Template Name": "EnrollmentAgentOffline", "Display Name": "Exchange Enrollment Agent (Offline request)", "Enabled": false, "Client Authentication": false, "Enrollment Agent": true, "Any Purpose": false, "Enrollee Supplies Subject": true, "Certificate Name Flag": ["EnrolleeSuppliesSubject"], "Enrollment Flag": ["None"], "Private Key Flag": ["AttestNone"], "Extended Key Usage": ["Certificate Request Agent"], "Requires Manager Approval": false, "Requires Key Archival": false, "Authorized Signatures Required": 0, "Validity Period": "2 years", "Renewal Period": "6 weeks", "domain": "EMERALD.WGMY"}, "ObjectIdentifier": "ad2dbbde-ef3a-4252-bfd0-34249e64b5b6", "Aces": [{"PrincipalSID": "S-1-5-21-1383308726-1688689062-160329939-519", "PrincipalType": "Group", "RightName": "Owns", "IsInherited": false}, {"PrincipalSID": "S-1-5-21-1383308726-1688689062-160329939-512", "PrincipalType": "Group", "RightName": "WriteOwner", "IsInherited": false}, {"PrincipalSID": "S-1-5-21-1383308726-1688689062-160329939-512", "PrincipalType": "Group", "RightName": "WriteDacl", "IsInherited": false}, {"PrincipalSID": "S-1-5-21-1383308726-1688689062-160329939-512", "PrincipalType": "Group", "RightName": "WriteProperty", "IsInherited": false}, {"PrincipalSID": "S-1-5-21-1383308726-1688689062-160329939-512", "PrincipalType": "Group", "RightName": "Enroll", "IsInherited": false}, {"PrincipalSID": "S-1-5-21-1383308726-1688689062-160329939-519", "PrincipalType": "Group", "RightName": "WriteOwner", "IsInherited": false}, {"PrincipalSID": "S-1-5-21-1383308726-1688689062-160329939-519", "PrincipalType": "Group", "RightName": "WriteDacl", "IsInherited": false}, {"PrincipalSID": "S-1-5-21-1383308726-1688689062-160329939-519", "PrincipalType": "Group", "RightName": "WriteProperty", "IsInherited": false}, {"PrincipalSID": "S-1-5-21-1383308726-1688689062-160329939-519", "PrincipalType": "Group", "RightName": "Enroll", "IsInherited": false}], "cas_ids": null}, {"Properties": {"name": "ENROLLMENTAGENT@EMERALD.WGMY", "highvalue": false, "Template Name": "EnrollmentAgent", "Display Name": "Enrollment Agent", "Enabled": false, "Client Authentication": false, "Enrollment Agent": true, "Any Purpose": false, "Enrollee Supplies Subject": false, "Certificate Name Flag": ["SubjectRequireDirectoryPath", "SubjectAltRequireUpn"], "Enrollment Flag": ["AutoEnrollment"], "Private Key Flag": ["AttestNone"], "Extended Key Usage": ["Certificate Request Agent"], "Requires Manager Approval": false, "Requires Key Archival": false, "Authorized Signatures Required": 0, "Validity Period": "2 years", "Renewal Period": "6 weeks", "domain": "EMERALD.WGMY"}, "ObjectIdentifier": "b89c8297-c90e-464e-820b-29650c9d7516", "Aces": [{"PrincipalSID": "S-1-5-21-1383308726-1688689062-160329939-519", "PrincipalType": "Group", "RightName": "Owns", "IsInherited": false}, {"PrincipalSID": "S-1-5-21-1383308726-1688689062-160329939-512", "PrincipalType": "Group", "RightName": "WriteOwner", "IsInherited": false}, {"PrincipalSID": "S-1-5-21-1383308726-1688689062-160329939-512", "PrincipalType": "Group", "RightName": "WriteDacl", "IsInherited": false}, {"PrincipalSID": "S-1-5-21-1383308726-1688689062-160329939-512", "PrincipalType": "Group", "RightName": "WriteProperty", "IsInherited": false}, {"PrincipalSID": "S-1-5-21-1383308726-1688689062-160329939-512", "PrincipalType": "Group", "RightName": "Enroll", "IsInherited": false}, {"PrincipalSID": "S-1-5-21-1383308726-1688689062-160329939-519", "PrincipalType": "Group", "RightName": "WriteOwner", "IsInherited": false}, {"PrincipalSID": "S-1-5-21-1383308726-1688689062-160329939-519", "PrincipalType": "Group", "RightName": "WriteDacl", "IsInherited": false}, {"PrincipalSID": "S-1-5-21-1383308726-1688689062-160329939-519", "PrincipalType": "Group", "RightName": "WriteProperty", "IsInherited": false}, {"PrincipalSID": "S-1-5-21-1383308726-1688689062-160329939-519", "PrincipalType": "Group", "RightName": "Enroll", "IsInherited": false}], "cas_ids": null}, {"Properties": {"name": "CTLSIGNING@EMERALD.WGMY", "highvalue": false, "Template Name": "CTLSigning", "Display Name": "Trust List Signing", "Enabled": false, "Client Authentication": false, "Enrollment Agent": false, "Any Purpose": false, "Enrollee Supplies Subject": false, "Certificate Name Flag": ["SubjectRequireDirectoryPath", "SubjectAltRequireUpn"], "Enrollment Flag": ["AutoEnrollment"], "Private Key Flag": ["AttestNone"], "Extended Key Usage": ["Microsoft Trust List Signing"], "Requires Manager Approval": false, "Requires Key Archival": false, "Authorized Signatures Required": 0, "Validity Period": "1 year", "Renewal Period": "6 weeks", "domain": "EMERALD.WGMY"}, "ObjectIdentifier": "4c3191b1-f206-43c8-af3a-7abd4503ff1b", "Aces": [{"PrincipalSID": "S-1-5-21-1383308726-1688689062-160329939-519", "PrincipalType": "Group", "RightName": "Owns", "IsInherited": false}, {"PrincipalSID": "S-1-5-21-1383308726-1688689062-160329939-512", "PrincipalType": "Group", "RightName": "WriteOwner", "IsInherited": false}, {"PrincipalSID": "S-1-5-21-1383308726-1688689062-160329939-512", "PrincipalType": "Group", "RightName": "WriteDacl", "IsInherited": false}, {"PrincipalSID": "S-1-5-21-1383308726-1688689062-160329939-512", "PrincipalType": "Group", "RightName": "WriteProperty", "IsInherited": false}, {"PrincipalSID": "S-1-5-21-1383308726-1688689062-160329939-512", "PrincipalType": "Group", "RightName": "Enroll", "IsInherited": false}, {"PrincipalSID": "S-1-5-21-1383308726-1688689062-160329939-519", "PrincipalType": "Group", "RightName": "WriteOwner", "IsInherited": false}, {"PrincipalSID": "S-1-5-21-1383308726-1688689062-160329939-519", "PrincipalType": "Group", "RightName": "WriteDacl", "IsInherited": false}, {"PrincipalSID": "S-1-5-21-1383308726-1688689062-160329939-519", "PrincipalType": "Group", "RightName": "WriteProperty", "IsInherited": false}, {"PrincipalSID": "S-1-5-21-1383308726-1688689062-160329939-519", "PrincipalType": "Group", "RightName": "Enroll", "IsInherited": false}], "cas_ids": null}, {"Properties": {"name": "CODESIGNING@EMERALD.WGMY", "highvalue": false, "Template Name": "CodeSigning", "Display Name": "Code Signing", "Enabled": false, "Client Authentication": false, "Enrollment Agent": false, "Any Purpose": false, "Enrollee Supplies Subject": false, "Certificate Name Flag": ["SubjectRequireDirectoryPath", "SubjectAltRequireUpn"], "Enrollment Flag": ["AutoEnrollment"], "Private Key Flag": ["AttestNone"], "Extended Key Usage": ["Code Signing"], "Requires Manager Approval": false, "Requires Key Archival": false, "Authorized Signatures Required": 0, "Validity Period": "1 year", "Renewal Period": "6 weeks", "domain": "EMERALD.WGMY"}, "ObjectIdentifier": "5f9a864f-0e17-4b09-ba2d-a8ae732d8b96", "Aces": [{"PrincipalSID": "S-1-5-21-1383308726-1688689062-160329939-519", "PrincipalType": "Group", "RightName": "Owns", "IsInherited": false}, {"PrincipalSID": "S-1-5-21-1383308726-1688689062-160329939-512", "PrincipalType": "Group", "RightName": "WriteOwner", "IsInherited": false}, {"PrincipalSID": "S-1-5-21-1383308726-1688689062-160329939-512", "PrincipalType": "Group", "RightName": "WriteDacl", "IsInherited": false}, {"PrincipalSID": "S-1-5-21-1383308726-1688689062-160329939-512", "PrincipalType": "Group", "RightName": "WriteProperty", "IsInherited": false}, {"PrincipalSID": "S-1-5-21-1383308726-1688689062-160329939-512", "PrincipalType": "Group", "RightName": "Enroll", "IsInherited": false}, {"PrincipalSID": "S-1-5-21-1383308726-1688689062-160329939-519", "PrincipalType": "Group", "RightName": "WriteOwner", "IsInherited": false}, {"PrincipalSID": "S-1-5-21-1383308726-1688689062-160329939-519", "PrincipalType": "Group", "RightName": "WriteDacl", "IsInherited": false}, {"PrincipalSID": "S-1-5-21-1383308726-1688689062-160329939-519", "PrincipalType": "Group", "RightName": "WriteProperty", "IsInherited": false}, {"PrincipalSID": "S-1-5-21-1383308726-1688689062-160329939-519", "PrincipalType": "Group", "RightName": "Enroll", "IsInherited": false}], "cas_ids": null}, {"Properties": {"name": "EFSRECOVERY@EMERALD.WGMY", "highvalue": false, "Template Name": "EFSRecovery", "Display Name": "EFS Recovery Agent", "Certificate Authorities": ["emerald-AD-CA"], "Enabled": true, "Client Authentication": false, "Enrollment Agent": false, "Any Purpose": false, "Enrollee Supplies Subject": false, "Certificate Name Flag": ["SubjectRequireDirectoryPath", "SubjectAltRequireUpn"], "Enrollment Flag": ["AutoEnrollment", "IncludeSymmetricAlgorithms"], "Private Key Flag": ["ExportableKey"], "Extended Key Usage": ["File Recovery"], "Requires Manager Approval": false, "Requires Key Archival": false, "Authorized Signatures Required": 0, "Validity Period": "5 years", "Renewal Period": "6 weeks", "domain": "EMERALD.WGMY"}, "ObjectIdentifier": "f1e763fb-ca30-4965-8013-dc35dfaa8493", "Aces": [{"PrincipalSID": "S-1-5-21-1383308726-1688689062-160329939-519", "PrincipalType": "Group", "RightName": "Owns", "IsInherited": false}, {"PrincipalSID": "S-1-5-21-1383308726-1688689062-160329939-512", "PrincipalType": "Group", "RightName": "WriteOwner", "IsInherited": false}, {"PrincipalSID": "S-1-5-21-1383308726-1688689062-160329939-512", "PrincipalType": "Group", "RightName": "WriteDacl", "IsInherited": false}, {"PrincipalSID": "S-1-5-21-1383308726-1688689062-160329939-512", "PrincipalType": "Group", "RightName": "WriteProperty", "IsInherited": false}, {"PrincipalSID": "S-1-5-21-1383308726-1688689062-160329939-512", "PrincipalType": "Group", "RightName": "Enroll", "IsInherited": false}, {"PrincipalSID": "S-1-5-21-1383308726-1688689062-160329939-519", "PrincipalType": "Group", "RightName": "WriteOwner", "IsInherited": false}, {"PrincipalSID": "S-1-5-21-1383308726-1688689062-160329939-519", "PrincipalType": "Group", "RightName": "WriteDacl", "IsInherited": false}, {"PrincipalSID": "S-1-5-21-1383308726-1688689062-160329939-519", "PrincipalType": "Group", "RightName": "WriteProperty", "IsInherited": false}, {"PrincipalSID": "S-1-5-21-1383308726-1688689062-160329939-519", "PrincipalType": "Group", "RightName": "Enroll", "IsInherited": false}], "cas_ids": ["27e0384f-edc0-4215-a96a-42ea1e07d14d"]}, {"Properties": {"name": "ADMINISTRATOR@EMERALD.WGMY", "highvalue": false, "Template Name": "Administrator", "Display Name": "Administrator", "Certificate Authorities": ["emerald-AD-CA"], "Enabled": true, "Client Authentication": true, "Enrollment Agent": false, "Any Purpose": false, "Enrollee Supplies Subject": false, "Certificate Name Flag": ["SubjectRequireDirectoryPath", "SubjectRequireEmail", "SubjectAltRequireEmail", "SubjectAltRequireUpn"], "Enrollment Flag": ["AutoEnrollment", "PublishToDs", "IncludeSymmetricAlgorithms"], "Private Key Flag": ["ExportableKey"], "Extended Key Usage": ["Microsoft Trust List Signing", "Encrypting File System", "Secure Email", "Client Authentication"], "Requires Manager Approval": false, "Requires Key Archival": false, "Authorized Signatures Required": 0, "Validity Period": "1 year", "Renewal Period": "6 weeks", "domain": "EMERALD.WGMY"}, "ObjectIdentifier": "165d1d8d-8718-45e0-870e-6131b0e322ec", "Aces": [{"PrincipalSID": "S-1-5-21-1383308726-1688689062-160329939-519", "PrincipalType": "Group", "RightName": "Owns", "IsInherited": false}, {"PrincipalSID": "S-1-5-21-1383308726-1688689062-160329939-512", "PrincipalType": "Group", "RightName": "WriteOwner", "IsInherited": false}, {"PrincipalSID": "S-1-5-21-1383308726-1688689062-160329939-512", "PrincipalType": "Group", "RightName": "WriteDacl", "IsInherited": false}, {"PrincipalSID": "S-1-5-21-1383308726-1688689062-160329939-512", "PrincipalType": "Group", "RightName": "WriteProperty", "IsInherited": false}, {"PrincipalSID": "S-1-5-21-1383308726-1688689062-160329939-512", "PrincipalType": "Group", "RightName": "Enroll", "IsInherited": false}, {"PrincipalSID": "S-1-5-21-1383308726-1688689062-160329939-519", "PrincipalType": "Group", "RightName": "WriteOwner", "IsInherited": false}, {"PrincipalSID": "S-1-5-21-1383308726-1688689062-160329939-519", "PrincipalType": "Group", "RightName": "WriteDacl", "IsInherited": false}, {"PrincipalSID": "S-1-5-21-1383308726-1688689062-160329939-519", "PrincipalType": "Group", "RightName": "WriteProperty", "IsInherited": false}, {"PrincipalSID": "S-1-5-21-1383308726-1688689062-160329939-519", "PrincipalType": "Group", "RightName": "Enroll", "IsInherited": false}], "cas_ids": ["27e0384f-edc0-4215-a96a-42ea1e07d14d"]}, {"Properties": {"name": "EFS@EMERALD.WGMY", "highvalue": false, "Template Name": "EFS", "Display Name": "Basic EFS", "Certificate Authorities": ["emerald-AD-CA"], "Enabled": true, "Client Authentication": false, "Enrollment Agent": false, "Any Purpose": false, "Enrollee Supplies Subject": false, "Certificate Name Flag": ["SubjectRequireDirectoryPath", "SubjectAltRequireUpn"], "Enrollment Flag": ["AutoEnrollment", "PublishToDs", "IncludeSymmetricAlgorithms"], "Private Key Flag": ["ExportableKey"], "Extended Key Usage": ["Encrypting File System"], "Requires Manager Approval": false, "Requires Key Archival": false, "Authorized Signatures Required": 0, "Validity Period": "1 year", "Renewal Period": "6 weeks", "domain": "EMERALD.WGMY"}, "ObjectIdentifier": "5857559b-3ca4-48c9-96b5-546220c51c01", "Aces": [{"PrincipalSID": "S-1-5-21-1383308726-1688689062-160329939-519", "PrincipalType": "Group", "RightName": "Owns", "IsInherited": false}, {"PrincipalSID": "S-1-5-21-1383308726-1688689062-160329939-512", "PrincipalType": "Group", "RightName": "WriteOwner", "IsInherited": false}, {"PrincipalSID": "S-1-5-21-1383308726-1688689062-160329939-512", "PrincipalType": "Group", "RightName": "WriteDacl", "IsInherited": false}, {"PrincipalSID": "S-1-5-21-1383308726-1688689062-160329939-512", "PrincipalType": "Group", "RightName": "WriteProperty", "IsInherited": false}, {"PrincipalSID": "S-1-5-21-1383308726-1688689062-160329939-512", "PrincipalType": "Group", "RightName": "Enroll", "IsInherited": false}, {"PrincipalSID": "S-1-5-21-1383308726-1688689062-160329939-513", "PrincipalType": "Group", "RightName": "Enroll", "IsInherited": false}, {"PrincipalSID": "S-1-5-21-1383308726-1688689062-160329939-519", "PrincipalType": "Group", "RightName": "WriteOwner", "IsInherited": false}, {"PrincipalSID": "S-1-5-21-1383308726-1688689062-160329939-519", "PrincipalType": "Group", "RightName": "WriteDacl", "IsInherited": false}, {"PrincipalSID": "S-1-5-21-1383308726-1688689062-160329939-519", "PrincipalType": "Group", "RightName": "WriteProperty", "IsInherited": false}, {"PrincipalSID": "S-1-5-21-1383308726-1688689062-160329939-519", "PrincipalType": "Group", "RightName": "Enroll", "IsInherited": false}], "cas_ids": ["27e0384f-edc0-4215-a96a-42ea1e07d14d"]}, {"Properties": {"name": "SMARTCARDLOGON@EMERALD.WGMY", "highvalue": false, "Template Name": "SmartcardLogon", "Display Name": "Smartcard Logon", "Enabled": false, "Client Authentication": true, "Enrollment Agent": false, "Any Purpose": false, "Enrollee Supplies Subject": false, "Certificate Name Flag": ["SubjectRequireDirectoryPath", "SubjectAltRequireUpn"], "Enrollment Flag": ["None"], "Private Key Flag": ["AttestNone"], "Extended Key Usage": ["Client Authentication", "Smart Card Logon"], "Requires Manager Approval": false, "Requires Key Archival": false, "Authorized Signatures Required": 0, "Validity Period": "1 year", "Renewal Period": "6 weeks", "domain": "EMERALD.WGMY"}, "ObjectIdentifier": "9e0a958b-c5e8-42e7-acd2-2c85bf95afd2", "Aces": [{"PrincipalSID": "S-1-5-21-1383308726-1688689062-160329939-519", "PrincipalType": "Group", "RightName": "Owns", "IsInherited": false}, {"PrincipalSID": "S-1-5-21-1383308726-1688689062-160329939-512", "PrincipalType": "Group", "RightName": "WriteOwner", "IsInherited": false}, {"PrincipalSID": "S-1-5-21-1383308726-1688689062-160329939-512", "PrincipalType": "Group", "RightName": "WriteDacl", "IsInherited": false}, {"PrincipalSID": "S-1-5-21-1383308726-1688689062-160329939-512", "PrincipalType": "Group", "RightName": "WriteProperty", "IsInherited": false}, {"PrincipalSID": "S-1-5-21-1383308726-1688689062-160329939-512", "PrincipalType": "Group", "RightName": "Enroll", "IsInherited": false}, {"PrincipalSID": "S-1-5-21-1383308726-1688689062-160329939-519", "PrincipalType": "Group", "RightName": "WriteOwner", "IsInherited": false}, {"PrincipalSID": "S-1-5-21-1383308726-1688689062-160329939-519", "PrincipalType": "Group", "RightName": "WriteDacl", "IsInherited": false}, {"PrincipalSID": "S-1-5-21-1383308726-1688689062-160329939-519", "PrincipalType": "Group", "RightName": "WriteProperty", "IsInherited": false}, {"PrincipalSID": "S-1-5-21-1383308726-1688689062-160329939-519", "PrincipalType": "Group", "RightName": "Enroll", "IsInherited": false}], "cas_ids": null}, {"Properties": {"name": "CLIENTAUTH@EMERALD.WGMY", "highvalue": false, "Template Name": "ClientAuth", "Display Name": "Authenticated Session", "Enabled": false, "Client Authentication": true, "Enrollment Agent": false, "Any Purpose": false, "Enrollee Supplies Subject": false, "Certificate Name Flag": ["SubjectRequireDirectoryPath", "SubjectAltRequireUpn"], "Enrollment Flag": ["AutoEnrollment"], "Private Key Flag": ["AttestNone"], "Extended Key Usage": ["Client Authentication"], "Requires Manager Approval": false, "Requires Key Archival": false, "Authorized Signatures Required": 0, "Validity Period": "1 year", "Renewal Period": "6 weeks", "domain": "EMERALD.WGMY"}, "ObjectIdentifier": "60d73333-b946-4f7a-bfe3-6691e8af8c3a", "Aces": [{"PrincipalSID": "S-1-5-21-1383308726-1688689062-160329939-519", "PrincipalType": "Group", "RightName": "Owns", "IsInherited": false}, {"PrincipalSID": "S-1-5-21-1383308726-1688689062-160329939-512", "PrincipalType": "Group", "RightName": "WriteOwner", "IsInherited": false}, {"PrincipalSID": "S-1-5-21-1383308726-1688689062-160329939-512", "PrincipalType": "Group", "RightName": "WriteDacl", "IsInherited": false}, {"PrincipalSID": "S-1-5-21-1383308726-1688689062-160329939-512", "PrincipalType": "Group", "RightName": "WriteProperty", "IsInherited": false}, {"PrincipalSID": "S-1-5-21-1383308726-1688689062-160329939-512", "PrincipalType": "Group", "RightName": "Enroll", "IsInherited": false}, {"PrincipalSID": "S-1-5-21-1383308726-1688689062-160329939-513", "PrincipalType": "Group", "RightName": "Enroll", "IsInherited": false}, {"PrincipalSID": "S-1-5-21-1383308726-1688689062-160329939-519", "PrincipalType": "Group", "RightName": "WriteOwner", "IsInherited": false}, {"PrincipalSID": "S-1-5-21-1383308726-1688689062-160329939-519", "PrincipalType": "Group", "RightName": "WriteDacl", "IsInherited": false}, {"PrincipalSID": "S-1-5-21-1383308726-1688689062-160329939-519", "PrincipalType": "Group", "RightName": "WriteProperty", "IsInherited": false}, {"PrincipalSID": "S-1-5-21-1383308726-1688689062-160329939-519", "PrincipalType": "Group", "RightName": "Enroll", "IsInherited": false}], "cas_ids": null}, {"Properties": {"name": "SMARTCARDUSER@EMERALD.WGMY", "highvalue": false, "Template Name": "SmartcardUser", "Display Name": "Smartcard User", "Enabled": false, "Client Authentication": true, "Enrollment Agent": false, "Any Purpose": false, "Enrollee Supplies Subject": false, "Certificate Name Flag": ["SubjectRequireDirectoryPath", "SubjectRequireEmail", "SubjectAltRequireEmail", "SubjectAltRequireUpn"], "Enrollment Flag": ["PublishToDs", "IncludeSymmetricAlgorithms"], "Private Key Flag": ["AttestNone"], "Extended Key Usage": ["Secure Email", "Client Authentication", "Smart Card Logon"], "Requires Manager Approval": false, "Requires Key Archival": false, "Authorized Signatures Required": 0, "Validity Period": "1 year", "Renewal Period": "6 weeks", "domain": "EMERALD.WGMY"}, "ObjectIdentifier": "41cae337-14c9-45f9-8400-8fe40e6a5e37", "Aces": [{"PrincipalSID": "S-1-5-21-1383308726-1688689062-160329939-519", "PrincipalType": "Group", "RightName": "Owns", "IsInherited": false}, {"PrincipalSID": "S-1-5-21-1383308726-1688689062-160329939-512", "PrincipalType": "Group", "RightName": "WriteOwner", "IsInherited": false}, {"PrincipalSID": "S-1-5-21-1383308726-1688689062-160329939-512", "PrincipalType": "Group", "RightName": "WriteDacl", "IsInherited": false}, {"PrincipalSID": "S-1-5-21-1383308726-1688689062-160329939-512", "PrincipalType": "Group", "RightName": "WriteProperty", "IsInherited": false}, {"PrincipalSID": "S-1-5-21-1383308726-1688689062-160329939-512", "PrincipalType": "Group", "RightName": "Enroll", "IsInherited": false}, {"PrincipalSID": "S-1-5-21-1383308726-1688689062-160329939-519", "PrincipalType": "Group", "RightName": "WriteOwner", "IsInherited": false}, {"PrincipalSID": "S-1-5-21-1383308726-1688689062-160329939-519", "PrincipalType": "Group", "RightName": "WriteDacl", "IsInherited": false}, {"PrincipalSID": "S-1-5-21-1383308726-1688689062-160329939-519", "PrincipalType": "Group", "RightName": "WriteProperty", "IsInherited": false}, {"PrincipalSID": "S-1-5-21-1383308726-1688689062-160329939-519", "PrincipalType": "Group", "RightName": "Enroll", "IsInherited": false}], "cas_ids": null}, {"Properties": {"name": "USERSIGNATURE@EMERALD.WGMY", "highvalue": false, "Template Name": "UserSignature", "Display Name": "User Signature Only", "Enabled": false, "Client Authentication": true, "Enrollment Agent": false, "Any Purpose": false, "Enrollee Supplies Subject": false, "Certificate Name Flag": ["SubjectRequireDirectoryPath", "SubjectRequireEmail", "SubjectAltRequireEmail", "SubjectAltRequireUpn"], "Enrollment Flag": ["AutoEnrollment"], "Private Key Flag": ["AttestNone"], "Extended Key Usage": ["Secure Email", "Client Authentication"], "Requires Manager Approval": false, "Requires Key Archival": false, "Authorized Signatures Required": 0, "Validity Period": "1 year", "Renewal Period": "6 weeks", "domain": "EMERALD.WGMY"}, "ObjectIdentifier": "4f5da3bc-9349-4db9-bd5e-10b3122b8a63", "Aces": [{"PrincipalSID": "S-1-5-21-1383308726-1688689062-160329939-519", "PrincipalType": "Group", "RightName": "Owns", "IsInherited": false}, {"PrincipalSID": "S-1-5-21-1383308726-1688689062-160329939-512", "PrincipalType": "Group", "RightName": "WriteOwner", "IsInherited": false}, {"PrincipalSID": "S-1-5-21-1383308726-1688689062-160329939-512", "PrincipalType": "Group", "RightName": "WriteDacl", "IsInherited": false}, {"PrincipalSID": "S-1-5-21-1383308726-1688689062-160329939-512", "PrincipalType": "Group", "RightName": "WriteProperty", "IsInherited": false}, {"PrincipalSID": "S-1-5-21-1383308726-1688689062-160329939-512", "PrincipalType": "Group", "RightName": "Enroll", "IsInherited": false}, {"PrincipalSID": "S-1-5-21-1383308726-1688689062-160329939-513", "PrincipalType": "Group", "RightName": "Enroll", "IsInherited": false}, {"PrincipalSID": "S-1-5-21-1383308726-1688689062-160329939-519", "PrincipalType": "Group", "RightName": "WriteOwner", "IsInherited": false}, {"PrincipalSID": "S-1-5-21-1383308726-1688689062-160329939-519", "PrincipalType": "Group", "RightName": "WriteDacl", "IsInherited": false}, {"PrincipalSID": "S-1-5-21-1383308726-1688689062-160329939-519", "PrincipalType": "Group", "RightName": "WriteProperty", "IsInherited": false}, {"PrincipalSID": "S-1-5-21-1383308726-1688689062-160329939-519", "PrincipalType": "Group", "RightName": "Enroll", "IsInherited": false}], "cas_ids": null}, {"Properties": {"name": "USER@EMERALD.WGMY", "highvalue": false, "Template Name": "User", "Display Name": "User", "Certificate Authorities": ["emerald-AD-CA"], "Enabled": true, "Client Authentication": true, "Enrollment Agent": false, "Any Purpose": false, "Enrollee Supplies Subject": false, "Certificate Name Flag": ["SubjectRequireDirectoryPath", "SubjectRequireEmail", "SubjectAltRequireEmail", "SubjectAltRequireUpn"], "Enrollment Flag": ["AutoEnrollment", "PublishToDs", "IncludeSymmetricAlgorithms"], "Private Key Flag": ["ExportableKey"], "Extended Key Usage": ["Encrypting File System", "Secure Email", "Client Authentication"], "Requires Manager Approval": false, "Requires Key Archival": false, "Authorized Signatures Required": 0, "Validity Period": "1 year", "Renewal Period": "6 weeks", "domain": "EMERALD.WGMY"}, "ObjectIdentifier": "dda13b94-7af5-4a2a-bd7f-0bc8d994e143", "Aces": [{"PrincipalSID": "S-1-5-21-1383308726-1688689062-160329939-519", "PrincipalType": "Group", "RightName": "Owns", "IsInherited": false}, {"PrincipalSID": "S-1-5-21-1383308726-1688689062-160329939-512", "PrincipalType": "Group", "RightName": "WriteOwner", "IsInherited": false}, {"PrincipalSID": "S-1-5-21-1383308726-1688689062-160329939-512", "PrincipalType": "Group", "RightName": "WriteDacl", "IsInherited": false}, {"PrincipalSID": "S-1-5-21-1383308726-1688689062-160329939-512", "PrincipalType": "Group", "RightName": "WriteProperty", "IsInherited": false}, {"PrincipalSID": "S-1-5-21-1383308726-1688689062-160329939-512", "PrincipalType": "Group", "RightName": "Enroll", "IsInherited": false}, {"PrincipalSID": "S-1-5-21-1383308726-1688689062-160329939-513", "PrincipalType": "Group", "RightName": "Enroll", "IsInherited": false}, {"PrincipalSID": "S-1-5-21-1383308726-1688689062-160329939-519", "PrincipalType": "Group", "RightName": "WriteOwner", "IsInherited": false}, {"PrincipalSID": "S-1-5-21-1383308726-1688689062-160329939-519", "PrincipalType": "Group", "RightName": "WriteDacl", "IsInherited": false}, {"PrincipalSID": "S-1-5-21-1383308726-1688689062-160329939-519", "PrincipalType": "Group", "RightName": "WriteProperty", "IsInherited": false}, {"PrincipalSID": "S-1-5-21-1383308726-1688689062-160329939-519", "PrincipalType": "Group", "RightName": "Enroll", "IsInherited": false}], "cas_ids": ["27e0384f-edc0-4215-a96a-42ea1e07d14d"]}], "meta": {"count": 35, "type": "templates", "version": 4}}