{"data": [{"Properties": {"name": "EMERALD-AD-CA@EMERALD.WGMY", "highvalue": false, "CA Name": "emerald-AD-CA", "DNS Name": "AD.emerald.wgmy", "Certificate Subject": "CN=emerald-AD-CA, DC=emerald, DC=wgmy", "Certificate Serial Number": "48141D8E558954964B7EA0A8AD8CD3C1", "Certificate Validity Start": "2022-12-21 01:02:03+00:00", "Certificate Validity End": "2027-12-21 01:12:03+00:00", "Web Enrollment": "Disabled", "User Specified SAN": "Disabled", "Request Disposition": "Issue", "domain": "EMERALD.WGMY"}, "ObjectIdentifier": "27e0384f-edc0-4215-a96a-42ea1e07d14d", "Aces": [{"PrincipalSID": "EMERALD.WGMY-S-1-5-32-544", "PrincipalType": "Group", "RightName": "Owns", "IsInherited": false}, {"PrincipalSID": "EMERALD.WGMY-S-1-5-11", "PrincipalType": "Group", "RightName": "Enroll", "IsInherited": false}, {"PrincipalSID": "S-1-5-21-1383308726-1688689062-160329939-1103", "PrincipalType": "Group", "RightName": "Enroll", "IsInherited": false}, {"PrincipalSID": "S-1-5-21-1383308726-1688689062-160329939-1103", "PrincipalType": "Group", "RightName": "Read", "IsInherited": false}, {"PrincipalSID": "S-1-5-21-1383308726-1688689062-160329939-1103", "PrincipalType": "Group", "RightName": "ManageCertificates", "IsInherited": false}, {"PrincipalSID": "S-1-5-21-1383308726-1688689062-160329939-1103", "PrincipalType": "Group", "RightName": "ManageCa", "IsInherited": false}, {"PrincipalSID": "S-1-5-21-1383308726-1688689062-160329939-512", "PrincipalType": "Group", "RightName": "ManageCertificates", "IsInherited": false}, {"PrincipalSID": "S-1-5-21-1383308726-1688689062-160329939-512", "PrincipalType": "Group", "RightName": "ManageCa", "IsInherited": false}, {"PrincipalSID": "S-1-5-21-1383308726-1688689062-160329939-519", "PrincipalType": "Group", "RightName": "ManageCertificates", "IsInherited": false}, {"PrincipalSID": "S-1-5-21-1383308726-1688689062-160329939-519", "PrincipalType": "Group", "RightName": "ManageCa", "IsInherited": false}, {"PrincipalSID": "EMERALD.WGMY-S-1-5-32-544", "PrincipalType": "Group", "RightName": "ManageCertificates", "IsInherited": false}, {"PrincipalSID": "EMERALD.WGMY-S-1-5-32-544", "PrincipalType": "Group", "RightName": "ManageCa", "IsInherited": false}]}], "meta": {"count": 1, "type": "cas", "version": 4}}